id,name,island,body,attack,trait,hp,speed,size,tempo,value,lure,boss
0,铜须溪鲈,1,Perch,Bite,None,36,2.7,0.7,4.3,23,0,false
1,刺球河豚,1,Puffer,Charge,None,40,3.25,0.83,4.05,25,0,false
2,条纹海鳗,1,Eel,Fan,None,44,3.8,0.96,3.8,27,0,false
3,滑翔银鳐,1,Ray,Mortar,None,48,4.35,0.7,4.3,29,0,false
4,搬石蟹,1,Crab,Ring,None,52,2.7,0.83,4.05,31,0,false
5,玻璃水母,1,Jelly,Beam,None,56,3.25,0.96,3.8,33,0,false
6,青苔海龟,1,Turtle,Mine,Leech,60,3.8,0.7,4.3,35,1,false
7,墨点乌贼,1,Squid,Leap,Volatile,64,4.35,0.83,4.05,37,1,false
8,针嘴梭鱼,1,Swordfish,Spiral,Blinker,68,2.7,0.96,3.8,39,1,false
9,卷尾海马,1,Seahorse,Pull,None,72,3.25,0.7,4.3,41,2,false
10,夜灯海胆,1,Urchin,Heal,Armored,76,3.8,0.83,4.05,43,2,false
11,浅滩猎鲨,1,Shark,Split,Venom,80,4.35,0.96,3.8,45,3,false
12,胭脂鹦鲷,2,Perch,Mortar,Armored,43.2,2.7,0.716,4.3,30,0,false
13,蜜刺箱鲀,2,Puffer,Ring,Venom,48,3.25,0.846,4.05,32,0,false
14,珊瑚带鳗,2,Eel,Beam,Frost,52.8,3.8,0.976,3.8,34,0,false
15,折扇蝶鳐,2,Ray,Mine,Electric,57.6,4.35,0.716,4.3,36,0,false
16,红钳寄居蟹,2,Crab,Leap,Frenzy,62.4,2.7,0.846,4.05,38,0,false
17,桃心水母,2,Jelly,Spiral,Leech,67.2,3.25,0.976,3.8,40,0,false
18,瑰纹玳瑁,2,Turtle,Pull,Volatile,72,3.8,0.716,4.3,42,1,false
19,花冠章鱼,2,Squid,Heal,Blinker,76.8,4.35,0.846,4.05,44,1,false
20,蓝针旗鱼,2,Swordfish,Split,None,81.6,2.7,0.976,3.8,46,1,false
21,枝角海龙,2,Seahorse,Boomerang,Armored,86.4,3.25,0.716,4.3,48,2,false
22,宝石火胆,2,Urchin,Burrow,Venom,91.2,3.8,0.846,4.05,50,2,false
23,礁背角鲨,2,Shark,Bite,Frost,96,4.35,0.976,3.8,52,3,false
24,泥鳍弹涂,3,Perch,Mine,Venom,50.4,2.7,0.732,4.3,37,0,false
25,孢子刺鲀,3,Puffer,Leap,Frost,56,3.25,0.862,4.05,39,0,false
26,藤根电鳗,3,Eel,Spiral,Electric,61.6,3.8,0.992,3.8,41,0,false
27,落叶鬼鳐,3,Ray,Pull,Frenzy,67.2,4.35,0.732,4.3,43,0,false
28,苔壳招潮蟹,3,Crab,Heal,Leech,72.8,2.7,0.862,4.05,45,0,false
29,沼灯海蜇,3,Jelly,Split,Volatile,78.4,3.25,0.992,3.8,47,0,false
30,枯木鳄龟,3,Turtle,Boomerang,Blinker,84,3.8,0.732,4.3,49,1,false
31,毒囊短蛸,3,Squid,Burrow,None,89.6,4.35,0.862,4.05,51,1,false
32,锯齿雀鳝,3,Swordfish,Bite,Armored,95.2,2.7,0.992,3.8,53,1,false
33,幽苔海马,3,Seahorse,Charge,Venom,100.8,3.25,0.732,4.3,55,2,false
34,菌绒棘胆,3,Urchin,Fan,Frost,106.4,3.8,0.862,4.05,57,2,false
35,潜泥牛鲨,3,Shark,Mortar,Electric,112,4.35,0.992,3.8,59,3,false
36,琥珀石鲈,4,Perch,Pull,Frost,57.6,2.7,0.748,4.3,44,0,false
37,沙葬刺豚,4,Puffer,Heal,Electric,64,3.25,0.878,4.05,46,0,false
38,银沙盲鳗,4,Eel,Split,Frenzy,70.4,3.8,1.008,3.8,48,0,false
39,太阳盘鳐,4,Ray,Boomerang,Leech,76.8,4.35,0.748,4.3,50,0,false
40,圣甲沙蟹,4,Crab,Burrow,Volatile,83.2,2.7,0.878,4.05,52,0,false
41,浮沙水母,4,Jelly,Bite,Blinker,89.6,3.25,1.008,3.8,54,0,false
42,石纹象龟,4,Turtle,Charge,None,96,3.8,0.748,4.3,56,1,false
43,铜壶乌贼,4,Squid,Fan,Armored,102.4,4.35,0.878,4.05,58,1,false
44,月刃剑鱼,4,Swordfish,Mortar,Venom,108.8,2.7,1.008,3.8,60,1,false
45,金冠海龙,4,Seahorse,Ring,Frost,115.2,3.25,0.748,4.3,62,2,false
46,化石针胆,4,Urchin,Beam,Electric,121.6,3.8,0.878,4.05,64,2,false
47,沙脊锯鲨,4,Shark,Mine,Frenzy,128,4.35,1.008,3.8,66,3,false
48,铁锈船鲈,5,Perch,Boomerang,Electric,64.8,2.7,0.764,4.3,51,0,false
49,铆钉铁鲀,5,Puffer,Burrow,Frenzy,72,3.25,0.894,4.05,53,0,false
50,链尾海鳗,5,Eel,Bite,Leech,79.2,3.8,1.024,3.8,55,0,false
51,破帆幽鳐,5,Ray,Charge,Volatile,86.4,4.35,0.764,4.3,57,0,false
52,锚爪巨蟹,5,Crab,Fan,Blinker,93.6,2.7,0.894,4.05,59,0,false
53,瓶中灯母,5,Jelly,Mortar,None,100.8,3.25,1.024,3.8,61,0,false
54,炮甲海龟,5,Turtle,Ring,Armored,108,3.8,0.764,4.3,63,1,false
55,船钟八腕,5,Squid,Beam,Venom,115.2,4.35,0.894,4.05,65,1,false
56,刺舷枪鱼,5,Swordfish,Mine,Frost,122.4,2.7,1.024,3.8,67,1,false
57,舵轮海马,5,Seahorse,Leap,Electric,129.6,3.25,0.764,4.3,69,2,false
58,罗盘磁胆,5,Urchin,Spiral,Frenzy,136.8,3.8,0.894,4.05,71,2,false
59,钢吻沉鲨,5,Shark,Pull,Leech,144,4.35,1.024,3.8,73,3,false
60,雪鳍银鲈,6,Perch,Charge,Frenzy,72,2.7,0.78,4.3,58,0,false
61,霜刺冰鲀,6,Puffer,Fan,Leech,80,3.25,0.91,4.05,60,0,false
62,极光长鳗,6,Eel,Mortar,Volatile,88,3.8,1.04,3.8,62,0,false
63,冰镜雪鳐,6,Ray,Ring,Blinker,96,4.35,0.78,4.3,64,0,false
64,冻钳雪蟹,6,Crab,Beam,None,104,2.7,0.91,4.05,66,0,false
65,水晶冠母,6,Jelly,Mine,Armored,112,3.25,1.04,3.8,68,0,false
66,冰盾棱龟,6,Turtle,Leap,Venom,120,3.8,0.78,4.3,70,1,false
67,霜墨枪乌,6,Squid,Spiral,Frost,128,4.35,0.91,4.05,72,1,false
68,冰锥剑鱼,6,Swordfish,Pull,Electric,136,2.7,1.04,3.8,74,1,false
69,雪鬃海马,6,Seahorse,Heal,Frenzy,144,3.25,0.78,4.3,76,2,false
70,寒针海胆,6,Urchin,Split,Leech,152,3.8,0.91,4.05,78,2,false
71,白牙格陵鲨,6,Shark,Boomerang,Volatile,160,4.35,1.04,3.8,80,3,false
72,雷纹电鲈,7,Perch,Ring,Leech,79.2,2.7,0.796,4.3,65,0,false
73,蓄电刺鲀,7,Puffer,Beam,Volatile,88,3.25,0.926,4.05,67,0,false
74,线圈雷鳗,7,Eel,Mine,Blinker,96.8,3.8,1.056,3.8,69,0,false
75,翼雷魔鳐,7,Ray,Leap,None,105.6,4.35,0.796,4.3,71,0,false
76,磁钳机蟹,7,Crab,Spiral,Armored,114.4,2.7,0.926,4.05,73,0,false
77,极电脉母,7,Jelly,Pull,Venom,123.2,3.25,1.056,3.8,75,0,false
78,避雷甲龟,7,Turtle,Heal,Frost,132,3.8,0.796,4.3,77,1,false
79,涡轮章鱼,7,Squid,Split,Electric,140.8,4.35,0.926,4.05,79,1,false
80,风矛旗鱼,7,Swordfish,Boomerang,Frenzy,149.6,2.7,1.056,3.8,81,1,false
81,风暴海龙,7,Seahorse,Burrow,Leech,158.4,3.25,0.796,4.3,83,2,false
82,闪弧星胆,7,Urchin,Bite,Volatile,167.2,3.8,0.926,4.05,85,2,false
83,裂空锤鲨,7,Shark,Charge,Blinker,176,4.35,1.056,3.8,87,3,false
84,炭鳞火鲈,8,Perch,Leap,Volatile,86.4,2.7,0.812,4.3,72,0,false
85,硫磺焰鲀,8,Puffer,Spiral,Blinker,96,3.25,0.942,4.05,74,0,false
86,熔线火鳗,8,Eel,Pull,None,105.6,3.8,1.072,3.8,76,0,false
87,灰烬翼鳐,8,Ray,Heal,Armored,115.2,4.35,0.812,4.3,78,0,false
88,煤甲岩蟹,8,Crab,Split,Venom,124.8,2.7,0.942,4.05,80,0,false
89,熔核水母,8,Jelly,Boomerang,Frost,134.4,3.25,1.072,3.8,82,0,false
90,玄武火龟,8,Turtle,Burrow,Electric,144,3.8,0.812,4.3,84,1,false
91,熔墨赤蛸,8,Squid,Bite,Frenzy,153.6,4.35,0.942,4.05,86,1,false
92,赤刃剑鱼,8,Swordfish,Charge,Leech,163.2,2.7,1.072,3.8,88,1,false
93,焰鬃海马,8,Seahorse,Fan,Volatile,172.8,3.25,0.812,4.3,90,2,false
94,火晶爆胆,8,Urchin,Mortar,Blinker,182.4,3.8,0.942,4.05,92,2,false
95,黑曜火鲨,8,Shark,Ring,None,192,4.35,1.072,3.8,94,3,false
96,镜鳞幻鲈,9,Perch,Heal,Blinker,93.6,2.7,0.828,4.3,79,0,false
97,星芒虚鲀,9,Puffer,Split,None,104,3.25,0.958,4.05,81,0,false
98,时隙长鳗,9,Eel,Boomerang,Armored,114.4,3.8,1.088,3.8,83,0,false
99,月幕梦鳐,9,Ray,Burrow,Venom,124.8,4.35,0.828,4.3,85,0,false
100,星砂灵蟹,9,Crab,Bite,Frost,135.2,2.7,0.958,4.05,87,0,false
101,星河冠母,9,Jelly,Charge,Electric,145.6,3.25,1.088,3.8,89,0,false
102,纪元古龟,9,Turtle,Fan,Frenzy,156,3.8,0.828,4.3,91,1,false
103,夜幕八腕,9,Squid,Mortar,Leech,166.4,4.35,0.958,4.05,93,1,false
104,断潮剑鱼,9,Swordfish,Ring,Volatile,176.8,2.7,1.088,3.8,95,1,false
105,回声海龙,9,Seahorse,Beam,Blinker,187.2,3.25,0.828,4.3,97,2,false
106,零点星胆,9,Urchin,Mine,None,197.6,3.8,0.958,4.05,99,2,false
107,吞梦巨鲨,9,Shark,Leap,Armored,208,4.35,1.088,3.8,101,3,false
108,裂桨巨蟹,1,Crab,Leap,Armored,420,2,3.3,5.2,140,0,true
109,千齿珊瑚鳐,2,Ray,Ring,Venom,610,2,3.4,5.2,170,0,true
110,沼泽吞舟鳗,3,Eel,Burrow,Frost,800,2,3.5,5.2,200,0,true
111,砂冠守陵龟,4,Turtle,Mortar,Electric,990,2,3.6,5.2,230,0,true
112,沉钟铁甲章鱼,5,Squid,Pull,Frenzy,1180,2,3.7,5.2,260,0,true
113,霜脊独角鲸,6,Swordfish,Boomerang,Leech,1370,2,3.8,5.2,290,0,true
114,天线风暴水母,7,Jelly,Beam,Volatile,1560,2,3.9,5.2,320,0,true
115,熔甲火山龙虾,8,Crab,Mine,Blinker,1750,2,4,5.2,350,0,true
116,镜渊吞星者,9,Shark,Spiral,Armored,1940,2,4.1,5.2,380,0,true
117,古神 · 克拉肯,9,Squid,Pull,None,3100,2,5,5.2,500,0,true
118,幽海白鲸 · 莫比,9,Swordfish,Fan,None,2800,2,5,5.2,500,0,true
